Date ,Day of Week,Month,Quarter,Year,series ,OPEN ,HIGH ,LOW ,PREV. CLOSE ,ltp ,close ,vwap ,52W H ,52W L ,VOLUME ,VALUE ,No of trades 
11-Dec-24,Wednesday,December,Q4,2024,EQ,1254.10,1258.35,1230.75,1248.75,1231.95,1233.80,1239.73,1621.40,989.25,2595435.00,3217649465.20,95424.00
10-Dec-24,Tuesday,December,Q4,2024,EQ,1272.90,1272.90,1244.40,1266.85,1252.00,1248.75,1252.71,1621.40,989.25,2406907.00,3015160752.75,79731.00
09-Dec-24,Monday,December,Q4,2024,EQ,1257.80,1277.55,1249.00,1259.05,1266.35,1266.85,1265.94,1621.40,989.25,2849557.00,3607380426.75,94096.00
06-Dec-24,Friday,December,Q4,2024,EQ,1279.00,1282.50,1256.10,1277.05,1257.80,1259.05,1267.45,1621.40,858.50,2232531.00,2829627377.85,80008.00
05-Dec-24,Thursday,December,Q4,2024,EQ,1274.00,1284.80,1254.20,1269.55,1275.40,1277.05,1272.31,1621.40,858.50,4369917.00,5559889531.10,162308.00
04-Dec-24,Wednesday,December,Q4,2024,EQ,1301.00,1301.00,1262.00,1288.65,1267.80,1269.55,1276.40,1621.40,858.50,4874025.00,6221225413.60,158425.00
03-Dec-24,Tuesday,December,Q4,2024,EQ,1226.95,1309.50,1220.00,1215.80,1287.00,1288.65,1280.12,1621.40,858.50,16753958.00,21447121858.75,387986.00
02-Dec-24,Monday,December,Q4,2024,EQ,1201.90,1220.90,1189.40,1190.05,1215.50,1215.80,1204.75,1621.40,858.50,6941125.00,8362294291.90,193832.00
29-Nov-24,Friday,November,Q4,2024,EQ,1175.00,1215.60,1168.90,1167.60,1187.50,1190.05,1189.48,1621.40,806.00,9412850.00,11196371039.30,237926.00
28-Nov-24,Thursday,November,Q4,2024,EQ,1196.65,1226.90,1163.15,1199.95,1169.55,1167.60,1193.73,1621.40,806.00,15602469.00,18625137899.45,389745.00
27-Nov-24,Wednesday,November,Q4,2024,EQ,1102.00,1231.70,1102.00,1128.85,1195.50,1199.95,1177.88,1621.40,806.00,24434211.00,28780575885.25,499104.00
26-Nov-24,Tuesday,November,Q4,2024,EQ,1172.05,1174.45,1119.35,1166.80,1131.50,1128.85,1138.13,1621.40,806.00,5802555.00,6604066104.80,186664.00
25-Nov-24,Monday,November,Q4,2024,EQ,1185.00,1191.40,1139.70,1136.75,1163.15,1166.80,1166.94,1621.40,806.00,10532688.00,12290989343.60,307565.00
22-Nov-24,Friday,November,Q4,2024,EQ,1072.60,1155.90,1054.00,1114.65,1138.00,1136.75,1108.59,1621.40,785.00,27086168.00,30027476076.45,671336.00
21-Nov-24,Thursday,November,Q4,2024,EQ,1160.70,1160.70,995.65,1289.65,1119.05,1114.65,1080.76,1621.40,785.00,46926687.00,50716319514.70,848188.00
19-Nov-24,Tuesday,November,Q4,2024,EQ,1285.00,1321.45,1282.00,1279.30,1287.20,1289.65,1304.76,1621.40,785.00,2631778.00,3433851541.55,90392.00
18-Nov-24,Monday,November,Q4,2024,EQ,1264.00,1288.90,1261.30,1264.55,1279.20,1279.30,1275.75,1621.40,785.00,1445637.00,1844272542.35,95416.00
14-Nov-24,Thursday,November,Q4,2024,EQ,1289.95,1296.65,1260.65,1287.90,1264.95,1264.55,1272.67,1621.40,785.00,2963013.00,3770932012.10,152378.00
13-Nov-24,Wednesday,November,Q4,2024,EQ,1322.00,1329.25,1284.85,1326.00,1287.35,1287.90,1301.38,1621.40,785.00,1437072.00,1870177239.25,94055.00
12-Nov-24,Tuesday,November,Q4,2024,EQ,1348.05,1354.80,1320.00,1347.90,1321.00,1326.00,1338.08,1621.40,785.00,1038042.00,1388987641.85,68992.00
11-Nov-24,Monday,November,Q4,2024,EQ,1355.10,1357.95,1339.05,1362.10,1342.75,1347.90,1348.28,1621.40,785.00,1269498.00,1711638901.85,74074.00
08-Nov-24,Friday,November,Q4,2024,EQ,1353.10,1367.30,1338.60,1353.10,1351.95,1362.10,1354.50,1621.40,785.00,1400491.00,1896971997.50,71278.00
07-Nov-24,Thursday,November,Q4,2024,EQ,1372.95,1372.95,1350.00,1370.00,1351.00,1353.10,1357.38,1621.40,785.00,1292794.00,1754811192.90,73071.00
06-Nov-24,Wednesday,November,Q4,2024,EQ,1330.00,1382.00,1315.20,1329.35,1372.20,1370.00,1348.32,1621.40,785.00,3645515.00,4915315246.10,103850.00
05-Nov-24,Tuesday,November,Q4,2024,EQ,1350.00,1353.05,1295.90,1349.25,1329.00,1329.35,1316.11,1621.40,785.00,4852958.00,6387025885.50,186297.00
04-Nov-24,Monday,November,Q4,2024,EQ,1394.20,1395.00,1336.00,1394.40,1349.00,1349.25,1351.15,1621.40,785.00,1700308.00,2297374190.50,102642.00
01-Nov-24,Friday,November,Q4,2024,EQ,1386.50,1397.95,1378.40,1375.95,1394.10,1394.40,1393.15,1621.40,767.20,243881.00,339761791.80,13788.00
31-Oct-24,Thursday,October,Q4,2024,EQ,1407.95,1408.00,1372.10,1396.20,1376.00,1375.95,1381.31,1621.40,767.20,1891761.00,2613117369.65,76316.00
30-Oct-24,Wednesday,October,Q4,2024,EQ,1379.95,1414.90,1358.05,1372.70,1393.50,1396.20,1396.56,1621.40,767.20,2526884.00,3528934693.50,88072.00
29-Oct-24,Tuesday,October,Q4,2024,EQ,1364.70,1377.45,1322.00,1352.20,1377.00,1372.70,1352.39,1621.40,767.20,3790528.00,5126269977.10,178528.00
28-Oct-24,Monday,October,Q4,2024,EQ,1326.85,1364.10,1303.15,1318.70,1356.05,1352.20,1341.34,1621.40,767.20,2126411.00,2852231410.20,110924.00
25-Oct-24,Friday,October,Q4,2024,EQ,1360.00,1368.00,1304.15,1354.40,1323.00,1318.70,1318.68,1621.40,754.50,2078274.00,2740582098.80,109779.00
24-Oct-24,Thursday,October,Q4,2024,EQ,1345.00,1359.00,1336.20,1340.45,1357.00,1354.40,1350.24,1621.40,754.50,1115993.00,1506858749.75,76893.00
23-Oct-24,Wednesday,October,Q4,2024,EQ,1362.80,1370.80,1335.20,1362.85,1339.20,1340.45,1348.49,1621.40,754.50,1916219.00,2584005349.90,107069.00
22-Oct-24,Tuesday,October,Q4,2024,EQ,1374.70,1387.10,1353.90,1375.50,1365.00,1362.85,1365.63,1621.40,754.50,2467299.00,3369411719.20,151875.00
21-Oct-24,Monday,October,Q4,2024,EQ,1409.90,1412.90,1371.30,1405.60,1375.80,1375.50,1383.23,1621.40,754.50,1644382.00,2274563360.60,107358.00
18-Oct-24,Friday,October,Q4,2024,EQ,1389.00,1410.55,1376.00,1394.70,1405.10,1405.60,1398.94,1621.40,754.50,1290065.00,1804723667.40,88317.00
17-Oct-24,Thursday,October,Q4,2024,EQ,1403.80,1408.00,1387.55,1403.80,1392.70,1394.70,1397.01,1621.40,754.50,1418861.00,1982164017.25,69893.00
16-Oct-24,Wednesday,October,Q4,2024,EQ,1418.00,1418.40,1392.00,1420.30,1400.50,1403.80,1404.69,1621.40,754.50,1450465.00,2037448591.05,81228.00
15-Oct-24,Tuesday,October,Q4,2024,EQ,1415.95,1424.70,1407.00,1410.30,1419.30,1420.30,1417.81,1621.40,754.50,1018477.00,1444009120.15,50547.00
14-Oct-24,Monday,October,Q4,2024,EQ,1418.00,1426.00,1407.15,1408.25,1408.40,1410.30,1414.48,1621.40,754.50,762384.00,1078377759.85,46888.00
11-Oct-24,Friday,October,Q4,2024,EQ,1415.20,1426.85,1405.20,1417.20,1408.65,1408.25,1412.96,1621.40,754.50,1158809.00,1637354956.95,54411.00
10-Oct-24,Thursday,October,Q4,2024,EQ,1417.00,1430.05,1406.85,1408.15,1417.60,1417.20,1416.57,1621.40,754.50,1628495.00,2306869891.95,85313.00
09-Oct-24,Wednesday,October,Q4,2024,EQ,1424.75,1432.95,1404.35,1418.55,1410.75,1408.15,1419.33,1621.40,754.50,1507508.00,2139657465.90,79759.00
08-Oct-24,Tuesday,October,Q4,2024,EQ,1342.00,1424.35,1342.00,1355.20,1421.00,1418.55,1399.43,1621.40,754.50,3031170.00,4241918740.60,142022.00
07-Oct-24,Monday,October,Q4,2024,EQ,1410.00,1423.90,1337.00,1413.70,1353.00,1355.20,1363.29,1621.40,754.50,4531821.00,6178203319.45,230968.00
04-Oct-24,Friday,October,Q4,2024,EQ,1424.80,1446.40,1404.20,1425.20,1410.00,1413.70,1424.38,1621.40,754.50,2611371.00,3719590982.10,107828.00
03-Oct-24,Thursday,October,Q4,2024,EQ,1452.75,1469.00,1414.20,1467.50,1426.05,1425.20,1440.00,1621.40,754.50,3967953.00,5713838720.15,127891.00
01-Oct-24,Tuesday,October,Q4,2024,EQ,1448.20,1472.85,1448.00,1448.20,1463.20,1467.50,1461.98,1621.40,754.50,1687795.00,2467516453.45,99327.00
30-Sep-24,Monday,September,Q3,2024,EQ,1456.70,1468.75,1444.00,1456.70,1446.90,1448.20,1451.26,1621.40,754.50,2042408.00,2964072158.65,84409.00
27-Sep-24,Friday,September,Q3,2024,EQ,1485.00,1485.00,1452.45,1472.60,1455.95,1456.70,1464.19,1621.40,754.50,2694100.00,3944667724.45,111455.00
26-Sep-24,Thursday,September,Q3,2024,EQ,1456.85,1475.75,1448.00,1452.55,1474.10,1472.60,1462.10,1621.40,754.50,2066994.00,3022153950.90,89388.00
25-Sep-24,Wednesday,September,Q3,2024,EQ,1459.00,1464.00,1438.20,1456.65,1450.15,1452.55,1447.61,1621.40,754.50,1227806.00,1777384834.05,59713.00
24-Sep-24,Tuesday,September,Q3,2024,EQ,1456.15,1465.85,1447.00,1456.15,1458.00,1456.65,1455.10,1621.40,754.50,1537307.00,2236943027.20,70343.00
23-Sep-24,Monday,September,Q3,2024,EQ,1448.00,1458.95,1443.85,1438.70,1457.90,1456.15,1454.00,1621.40,754.50,1139915.00,1657442038.20,45678.00
20-Sep-24,Friday,September,Q3,2024,EQ,1418.95,1453.05,1409.20,1408.20,1441.00,1438.70,1435.87,1621.40,754.50,4407151.00,6328082681.90,155204.00
19-Sep-24,Thursday,September,Q3,2024,EQ,1433.00,1438.00,1394.45,1428.80,1410.90,1408.20,1410.00,1621.40,754.50,2072872.00,2922751327.75,109397.00
18-Sep-24,Wednesday,September,Q3,2024,EQ,1430.00,1439.25,1415.05,1426.60,1428.00,1428.80,1428.36,1621.40,754.50,1421406.00,2030279628.20,63378.00
17-Sep-24,Tuesday,September,Q3,2024,EQ,1442.80,1445.00,1420.10,1440.70,1428.50,1426.60,1428.29,1621.40,754.50,1321316.00,1887220057.75,68586.00
16-Sep-24,Monday,September,Q3,2024,EQ,1455.10,1461.15,1438.80,1452.10,1440.50,1440.70,1448.09,1621.40,754.50,1673805.00,2423824123.95,55293.00
13-Sep-24,Friday,September,Q3,2024,EQ,1472.95,1475.65,1450.00,1472.60,1451.55,1452.10,1457.25,1621.40,754.50,1683544.00,2453341570.35,81458.00
12-Sep-24,Thursday,September,Q3,2024,EQ,1444.00,1475.00,1440.20,1430.60,1468.55,1472.60,1460.68,1621.40,754.50,4003674.00,5848094977.85,168362.00
11-Sep-24,Wednesday,September,Q3,2024,EQ,1454.95,1457.85,1425.10,1453.40,1431.70,1430.60,1441.83,1621.40,754.50,1637596.00,2361130536.45,85430.00
10-Sep-24,Tuesday,September,Q3,2024,EQ,1439.00,1464.00,1435.00,1435.90,1449.00,1453.40,1451.93,1621.40,754.50,1542798.00,2240033934.20,78922.00
09-Sep-24,Monday,September,Q3,2024,EQ,1431.00,1441.60,1411.00,1442.40,1439.00,1435.90,1427.64,1621.40,754.50,1621371.00,2314732464.10,73544.00
06-Sep-24,Friday,September,Q3,2024,EQ,1465.60,1468.75,1427.55,1465.55,1442.00,1442.40,1442.65,1621.40,754.50,3340767.00,4819563515.30,117630.00
05-Sep-24,Thursday,September,Q3,2024,EQ,1476.75,1476.80,1463.00,1472.10,1465.00,1465.55,1467.49,1621.40,754.50,959956.00,1408721078.00,56018.00
04-Sep-24,Wednesday,September,Q3,2024,EQ,1472.00,1475.15,1461.05,1479.55,1473.40,1472.10,1469.92,1621.40,754.50,1122071.00,1649359208.35,63757.00
03-Sep-24,Tuesday,September,Q3,2024,EQ,1494.50,1498.10,1476.60,1494.50,1478.30,1479.55,1485.19,1621.40,754.50,882478.00,1310647610.70,51825.00
02-Sep-24,Monday,September,Q3,2024,EQ,1490.00,1499.50,1478.80,1481.90,1494.55,1494.50,1489.10,1621.40,754.50,2054244.00,3058967094.50,66290.00
30-Aug-24,Friday,August,Q3,2024,EQ,1480.95,1487.00,1466.00,1476.05,1482.00,1481.90,1476.75,1621.40,754.50,1996592.00,2948474397.45,87242.00
29-Aug-24,Thursday,August,Q3,2024,EQ,1472.05,1483.00,1452.60,1469.80,1481.00,1476.05,1469.38,1621.40,754.50,3359850.00,4936894499.65,142636.00
28-Aug-24,Wednesday,August,Q3,2024,EQ,1479.40,1486.40,1467.00,1478.35,1470.50,1469.80,1479.20,1621.40,754.50,1225101.00,1812174262.15,53059.00
27-Aug-24,Tuesday,August,Q3,2024,EQ,1484.90,1496.90,1475.60,1482.55,1479.50,1478.35,1483.60,1621.40,754.50,910064.00,1350169570.15,52380.00
26-Aug-24,Monday,August,Q3,2024,EQ,1495.50,1497.00,1480.00,1491.30,1481.00,1482.55,1485.34,1621.40,754.50,1087057.00,1614650953.55,46379.00
23-Aug-24,Friday,August,Q3,2024,EQ,1493.00,1503.00,1486.10,1492.30,1495.00,1491.30,1493.27,1621.40,754.50,1181075.00,1763663862.30,55601.00
22-Aug-24,Thursday,August,Q3,2024,EQ,1507.00,1509.50,1490.40,1503.50,1491.10,1492.30,1499.39,1621.40,754.50,1442064.00,2162220158.05,75566.00
21-Aug-24,Wednesday,August,Q3,2024,EQ,1499.10,1517.00,1492.55,1492.55,1502.95,1503.50,1505.56,1621.40,754.50,1551436.00,2335778138.60,64364.00
20-Aug-24,Tuesday,August,Q3,2024,EQ,1504.95,1510.00,1486.30,1496.45,1492.00,1492.55,1493.44,1621.40,754.50,990643.00,1479461802.95,46180.00
19-Aug-24,Monday,August,Q3,2024,EQ,1500.95,1507.00,1490.00,1493.45,1496.00,1496.45,1495.87,1621.40,754.50,1343387.00,2009527233.35,60241.00
16-Aug-24,Friday,August,Q3,2024,EQ,1471.20,1497.20,1457.05,1461.95,1490.00,1493.45,1477.78,1621.40,754.50,1985315.00,2933857487.05,91234.00
14-Aug-24,Wednesday,August,Q3,2024,EQ,1488.00,1488.00,1452.00,1483.45,1460.00,1461.95,1462.11,1621.40,754.50,2648057.00,3871739995.40,117146.00
13-Aug-24,Tuesday,August,Q3,2024,EQ,1505.85,1517.45,1479.50,1501.40,1482.00,1483.45,1495.83,1621.40,754.50,2485446.00,3717798494.10,98171.00
12-Aug-24,Monday,August,Q3,2024,EQ,1500.00,1524.25,1457.35,1533.80,1498.00,1501.40,1498.22,1621.40,754.50,9230512.00,13829353505.10,245831.00
09-Aug-24,Friday,August,Q3,2024,EQ,1541.50,1543.50,1519.00,1519.00,1532.00,1533.80,1530.43,1621.40,754.50,1503033.00,2300287764.75,68808.00
08-Aug-24,Thursday,August,Q3,2024,EQ,1538.00,1556.00,1513.80,1543.80,1520.00,1519.00,1534.37,1621.40,754.50,2468123.00,3787021449.00,112588.00
07-Aug-24,Wednesday,August,Q3,2024,EQ,1520.00,1547.85,1514.20,1494.10,1544.15,1543.80,1533.90,1621.40,754.50,2258441.00,3464220318.30,106615.00
06-Aug-24,Tuesday,August,Q3,2024,EQ,1524.90,1539.75,1488.10,1493.85,1500.95,1494.10,1516.13,1621.40,754.50,3159971.00,4790941044.30,164525.00
05-Aug-24,Monday,August,Q3,2024,EQ,1540.00,1563.45,1471.55,1588.00,1494.00,1493.85,1509.80,1621.40,754.50,7147230.00,10790898197.95,299694.00
02-Aug-24,Friday,August,Q3,2024,EQ,1579.95,1599.70,1550.20,1590.15,1586.05,1588.00,1578.81,1621.40,751.55,4313297.00,6809882959.75,161328.00
01-Aug-24,Thursday,August,Q3,2024,EQ,1580.95,1604.95,1568.50,1569.90,1588.95,1590.15,1588.00,1621.40,751.55,7160588.00,11371043601.55,239326.00
31-Jul-24,Wednesday,July,Q3,2024,EQ,1557.00,1577.90,1547.00,1546.25,1573.00,1569.90,1566.77,1621.40,751.55,2622023.00,4108114432.50,88413.00
30-Jul-24,Tuesday,July,Q3,2024,EQ,1554.60,1556.90,1536.00,1548.70,1549.25,1546.25,1546.52,1621.40,751.55,2800881.00,4331616174.95,92520.00
29-Jul-24,Monday,July,Q3,2024,EQ,1547.90,1559.00,1540.00,1542.75,1550.00,1548.70,1549.93,1621.40,751.55,1928637.00,2989250869.30,90622.00
26-Jul-24,Friday,July,Q3,2024,EQ,1495.90,1547.90,1490.00,1487.00,1540.75,1542.75,1530.59,1621.40,728.45,4500728.00,6888765032.15,229011.00
25-Jul-24,Thursday,July,Q3,2024,EQ,1471.00,1499.45,1466.85,1484.80,1490.00,1487.00,1485.89,1621.40,728.45,2211808.00,3286500546.50,104576.00
24-Jul-24,Wednesday,July,Q3,2024,EQ,1508.00,1513.55,1480.00,1507.35,1487.50,1484.80,1492.56,1621.40,728.45,2201442.00,3285789049.50,123454.00
23-Jul-24,Tuesday,July,Q3,2024,EQ,1468.00,1517.00,1419.00,1467.35,1508.00,1507.35,1488.92,1621.40,728.45,5987213.00,8914453567.70,172606.00
22-Jul-24,Monday,July,Q3,2024,EQ,1470.00,1475.00,1442.55,1469.30,1468.00,1467.35,1466.16,1621.40,728.45,1721261.00,2523652273.05,75158.00
19-Jul-24,Friday,July,Q3,2024,EQ,1492.55,1502.20,1465.50,1493.90,1470.00,1469.30,1479.53,1621.40,725.60,2568243.00,3799780575.70,83798.00
18-Jul-24,Thursday,July,Q3,2024,EQ,1490.00,1504.25,1472.20,1499.05,1491.95,1493.90,1489.15,1621.40,725.60,3263419.00,4859707863.25,105528.00
16-Jul-24,Tuesday,July,Q3,2024,EQ,1496.00,1510.60,1493.25,1495.05,1497.50,1499.05,1501.06,1621.40,725.60,2170314.00,3257766731.35,64539.00
15-Jul-24,Monday,July,Q3,2024,EQ,1494.00,1505.00,1485.30,1486.70,1496.00,1495.05,1495.67,1621.40,725.60,1913095.00,2861362652.65,63528.00
12-Jul-24,Friday,July,Q3,2024,EQ,1490.00,1497.00,1481.15,1483.85,1485.00,1486.70,1489.18,1621.40,708.00,2018935.00,3006552791.60,86580.00
11-Jul-24,Thursday,July,Q3,2024,EQ,1495.00,1498.50,1477.90,1487.80,1487.75,1483.85,1486.33,1621.40,708.00,1765496.00,2624101951.50,87382.00
10-Jul-24,Wednesday,July,Q3,2024,EQ,1492.00,1494.45,1460.00,1478.00,1487.80,1487.80,1481.57,1621.40,708.00,2082079.00,3084749713.40,84527.00
09-Jul-24,Tuesday,July,Q3,2024,EQ,1480.00,1503.95,1475.00,1475.30,1479.65,1478.00,1486.04,1621.40,708.00,2256634.00,3353451582.40,113670.00
08-Jul-24,Monday,July,Q3,2024,EQ,1496.00,1501.05,1469.00,1500.45,1477.00,1475.30,1479.26,1621.40,708.00,2177821.00,3221561355.15,98212.00
05-Jul-24,Friday,July,Q3,2024,EQ,1508.00,1509.50,1493.90,1503.65,1499.50,1500.45,1501.11,1621.40,708.00,2111633.00,3169785119.55,79173.00
04-Jul-24,Thursday,July,Q3,2024,EQ,1514.65,1520.00,1494.35,1510.65,1501.95,1503.65,1507.38,1621.40,708.00,2980840.00,4493266923.05,104740.00
03-Jul-24,Wednesday,July,Q3,2024,EQ,1479.80,1514.00,1470.80,1474.85,1510.05,1510.65,1493.66,1621.40,708.00,4435563.00,6625241814.30,95534.00
02-Jul-24,Tuesday,July,Q3,2024,EQ,1479.50,1489.60,1455.05,1474.50,1474.50,1474.85,1468.63,1621.40,708.00,5368562.00,7884441260.00,87468.00
01-Jul-24,Monday,July,Q3,2024,EQ,1483.00,1491.40,1471.60,1478.10,1475.00,1474.50,1479.65,1621.40,708.00,3372730.00,4990454948.95,81073.00
28-Jun-24,Friday,June,Q2,2024,EQ,1480.00,1494.00,1445.00,1485.50,1475.00,1478.10,1458.03,1621.40,705.10,11534763.00,16817984974.30,119211.00
27-Jun-24,Thursday,June,Q2,2024,EQ,1475.60,1494.00,1459.00,1467.80,1488.00,1485.50,1474.58,1621.40,705.10,7803408.00,11506729527.65,189880.00
26-Jun-24,Wednesday,June,Q2,2024,EQ,1458.90,1474.50,1451.05,1456.15,1472.00,1467.80,1463.53,1621.40,705.10,3217949.00,4709575273.85,97672.00
25-Jun-24,Tuesday,June,Q2,2024,EQ,1466.15,1468.90,1437.00,1460.25,1454.50,1456.15,1450.20,1621.40,705.10,3343186.00,4848298140.85,108468.00
24-Jun-24,Monday,June,Q2,2024,EQ,1474.85,1479.65,1450.20,1485.50,1460.25,1460.25,1461.90,1621.40,705.10,3009931.00,4400218717.50,103413.00
21-Jun-24,Friday,June,Q2,2024,EQ,1479.95,1498.90,1470.00,1469.40,1475.95,1485.50,1485.14,1621.40,703.00,25891893.00,38453016485.20,222567.00
20-Jun-24,Thursday,June,Q2,2024,EQ,1459.30,1476.80,1444.10,1448.40,1470.75,1469.40,1464.46,1621.40,703.00,4905603.00,7184040756.10,172729.00
19-Jun-24,Wednesday,June,Q2,2024,EQ,1446.00,1452.00,1420.45,1445.00,1452.00,1448.40,1438.23,1621.40,703.00,4484742.00,6450111310.85,153477.00
18-Jun-24,Tuesday,June,Q2,2024,EQ,1447.00,1458.60,1434.05,1430.70,1444.00,1445.00,1443.89,1621.40,703.00,5651898.00,8160735207.70,121761.00
14-Jun-24,Friday,June,Q2,2024,EQ,1409.00,1442.00,1395.45,1404.45,1429.70,1430.70,1425.58,1621.40,703.00,5651491.00,8056635246.35,149880.00
13-Jun-24,Thursday,June,Q2,2024,EQ,1403.60,1411.00,1388.05,1393.95,1404.00,1404.45,1401.02,1621.40,703.00,2839159.00,3977727755.35,117279.00
12-Jun-24,Wednesday,June,Q2,2024,EQ,1411.75,1414.45,1390.60,1403.45,1394.90,1393.95,1401.65,1621.40,703.00,3258265.00,4566936210.75,117720.00
11-Jun-24,Tuesday,June,Q2,2024,EQ,1391.00,1418.80,1384.05,1384.05,1406.00,1403.45,1402.32,1621.40,703.00,4122878.00,5781577228.25,112681.00
10-Jun-24,Monday,June,Q2,2024,EQ,1404.00,1415.35,1381.25,1378.85,1383.90,1384.05,1396.94,1621.40,703.00,4843234.00,6765708500.30,187698.00
07-Jun-24,Friday,June,Q2,2024,EQ,1357.70,1385.00,1355.05,1352.95,1378.00,1378.85,1374.17,1621.40,703.00,5884018.00,8085613692.45,161288.00
06-Jun-24,Thursday,June,Q2,2024,EQ,1384.00,1404.00,1344.80,1354.60,1357.00,1352.95,1370.84,1621.40,703.00,12153840.00,16660920649.10,441222.00
05-Jun-24,Wednesday,June,Q2,2024,EQ,1281.00,1368.00,1160.60,1248.95,1340.00,1354.60,1272.58,1621.40,703.00,20879925.00,26571328175.55,827827.00
04-Jun-24,Tuesday,June,Q2,2024,EQ,1558.00,1558.00,1188.00,1583.95,1245.00,1248.95,1337.42,1621.40,703.00,52109624.00,69692566425.95,1184624.00
03-Jun-24,Monday,June,Q2,2024,EQ,1549.00,1621.40,1535.00,1437.40,1590.00,1583.95,1578.73,1621.40,703.00,23398347.00,36939704359.30,430815.00
31-May-24,Friday,May,Q2,2024,EQ,1391.00,1451.00,1391.00,1383.50,1439.00,1437.40,1428.68,1457.05,703.00,8238969.00,11770830477.85,213346.00
30-May-24,Thursday,May,Q2,2024,EQ,1410.00,1413.65,1373.65,1410.00,1390.00,1383.50,1395.79,1457.05,703.00,3477661.00,4854071188.60,133342.00
29-May-24,Wednesday,May,Q2,2024,EQ,1406.00,1427.85,1382.90,1400.50,1409.00,1410.00,1407.34,1457.05,703.00,3214475.00,4523863672.40,103675.00
28-May-24,Tuesday,May,Q2,2024,EQ,1438.00,1438.00,1398.00,1431.65,1400.65,1400.50,1411.74,1457.05,703.00,4070886.00,5747015585.60,122574.00
27-May-24,Monday,May,Q2,2024,EQ,1445.00,1457.05,1423.60,1416.10,1432.70,1431.65,1439.25,1457.05,703.00,5517078.00,7940467764.90,149010.00
24-May-24,Friday,May,Q2,2024,EQ,1435.00,1444.95,1382.15,1443.35,1416.90,1416.10,1401.53,1448.80,693.15,19100263.00,26769568496.55,209082.00
23-May-24,Thursday,May,Q2,2024,EQ,1384.00,1448.80,1369.90,1378.20,1444.35,1443.35,1414.99,1448.80,693.15,7821034.00,11066696592.30,219904.00
22-May-24,Wednesday,May,Q2,2024,EQ,1394.35,1394.35,1364.20,1385.50,1378.10,1378.20,1376.40,1424.95,693.15,1878562.00,2585654815.70,86474.00
21-May-24,Tuesday,May,Q2,2024,EQ,1344.00,1398.80,1333.00,1340.20,1382.55,1385.50,1374.34,1424.95,693.15,4200578.00,5773016470.30,150749.00
18-May-24,Saturday,May,Q2,2024,EQ,1342.00,1345.20,1335.10,1335.70,1345.00,1340.20,1339.83,1424.95,659.50,192526.00,257952577.10,7543.00
17-May-24,Friday,May,Q2,2024,EQ,1330.00,1343.30,1321.15,1345.05,1335.75,1335.70,1334.80,1424.95,659.50,1945123.00,2596357383.70,104349.00
16-May-24,Thursday,May,Q2,2024,EQ,1352.20,1366.75,1310.50,1337.85,1342.00,1345.05,1340.27,1424.95,659.50,4822618.00,6463630277.00,183724.00
15-May-24,Wednesday,May,Q2,2024,EQ,1337.85,1353.95,1333.00,1331.25,1337.60,1337.85,1341.63,1424.95,659.50,2189768.00,2937867131.10,95993.00
14-May-24,Tuesday,May,Q2,2024,EQ,1306.40,1339.90,1285.25,1306.40,1332.35,1331.25,1322.05,1424.95,659.50,2989543.00,3952324253.50,107922.00
13-May-24,Monday,May,Q2,2024,EQ,1267.00,1313.00,1261.65,1266.75,1305.10,1306.40,1285.75,1424.95,659.50,2495810.00,3208984127.40,97610.00
10-May-24,Friday,May,Q2,2024,EQ,1250.00,1278.70,1245.75,1244.55,1271.95,1266.75,1266.82,1424.95,659.50,2022402.00,2562011999.65,76352.00
09-May-24,Thursday,May,Q2,2024,EQ,1279.00,1285.80,1240.00,1277.25,1244.00,1244.55,1260.16,1424.95,659.50,2591646.00,3265889778.15,123666.00
08-May-24,Wednesday,May,Q2,2024,EQ,1293.35,1293.70,1269.05,1287.65,1278.00,1277.25,1282.56,1424.95,659.50,1627418.00,2087261154.60,75182.00
07-May-24,Tuesday,May,Q2,2024,EQ,1291.10,1301.15,1265.00,1289.95,1286.00,1287.65,1283.34,1424.95,659.50,3474340.00,4458746208.00,129119.00
06-May-24,Monday,May,Q2,2024,EQ,1322.50,1322.50,1257.00,1320.30,1285.55,1289.95,1285.20,1424.95,659.50,4000668.00,5141670155.80,142077.00
03-May-24,Friday,May,Q2,2024,EQ,1353.00,1354.00,1310.45,1338.80,1317.95,1320.30,1328.79,1424.95,656.75,3528822.00,4689072493.75,111651.00
02-May-24,Thursday,May,Q2,2024,EQ,1333.95,1348.70,1306.55,1324.90,1341.50,1338.80,1334.94,1424.95,656.75,7991511.00,10668160513.95,224430.00
30-Apr-24,Tuesday,April,Q2,2024,EQ,1323.55,1334.65,1316.25,1317.25,1322.90,1324.90,1326.63,1424.95,656.75,2321071.00,3079193615.85,70013.00
29-Apr-24,Monday,April,Q2,2024,EQ,1334.30,1335.75,1307.00,1324.60,1318.00,1317.25,1316.44,1424.95,656.75,2191564.00,2885069247.50,88102.00
26-Apr-24,Friday,April,Q2,2024,EQ,1340.00,1341.60,1321.10,1330.55,1326.25,1324.60,1328.85,1424.95,656.00,2565490.00,3409141234.35,75100.00
25-Apr-24,Thursday,April,Q2,2024,EQ,1320.50,1336.95,1316.80,1320.50,1328.25,1330.55,1328.29,1424.95,656.00,6097087.00,8098685271.80,165345.00
24-Apr-24,Wednesday,April,Q2,2024,EQ,1331.00,1332.90,1318.05,1322.10,1319.00,1320.50,1326.09,1424.95,656.00,2553035.00,3385541706.00,105611.00
23-Apr-24,Tuesday,April,Q2,2024,EQ,1321.10,1338.55,1318.90,1321.10,1321.00,1322.10,1328.53,1424.95,656.00,3847872.00,5112008891.80,115321.00
22-Apr-24,Monday,April,Q2,2024,EQ,1321.10,1331.00,1315.00,1310.00,1323.25,1321.10,1320.54,1424.95,656.00,8903130.00,11756923627.80,67598.00
19-Apr-24,Friday,April,Q2,2024,EQ,1280.00,1316.00,1270.00,1295.55,1310.80,1310.00,1297.08,1424.95,651.05,3899281.00,5057667228.10,114818.00
18-Apr-24,Thursday,April,Q2,2024,EQ,1315.95,1336.50,1291.00,1304.35,1306.40,1295.55,1320.54,1424.95,651.05,6219274.00,8212823222.85,182146.00
16-Apr-24,Tuesday,April,Q2,2024,EQ,1302.00,1322.00,1294.40,1315.55,1307.75,1304.35,1306.17,1424.95,651.05,2696593.00,3522203975.40,90316.00
15-Apr-24,Monday,April,Q2,2024,EQ,1320.00,1335.00,1308.60,1344.20,1316.50,1315.55,1320.64,1424.95,651.05,3372368.00,4453683204.70,129000.00
12-Apr-24,Friday,April,Q2,2024,EQ,1350.00,1358.40,1341.00,1352.30,1347.00,1344.20,1349.49,1424.95,643.00,2183230.00,2946250364.15,79251.00
10-Apr-24,Wednesday,April,Q2,2024,EQ,1359.00,1359.90,1348.20,1356.50,1351.10,1352.30,1352.43,1424.95,643.00,3984001.00,5388066733.05,101971.00
09-Apr-24,Tuesday,April,Q2,2024,EQ,1356.15,1364.90,1346.10,1348.65,1353.00,1356.50,1356.45,1424.95,643.00,1935801.00,2625818803.95,65370.00
08-Apr-24,Monday,April,Q2,2024,EQ,1381.95,1381.95,1337.00,1375.55,1353.00,1348.65,1350.65,1424.95,643.00,14038860.00,18961520938.15,127513.00
05-Apr-24,Friday,April,Q2,2024,EQ,1367.00,1381.90,1357.35,1366.85,1375.50,1375.55,1371.04,1424.95,622.15,1853120.00,2540694127.95,61822.00
04-Apr-24,Thursday,April,Q2,2024,EQ,1408.60,1408.60,1362.25,1397.20,1369.30,1366.85,1379.87,1424.95,622.15,4197697.00,5792274214.95,161088.00
03-Apr-24,Wednesday,April,Q2,2024,EQ,1399.85,1402.00,1389.20,1404.15,1401.00,1397.20,1397.03,1424.95,622.15,2727582.00,3810526156.05,114625.00
02-Apr-24,Tuesday,April,Q2,2024,EQ,1397.80,1424.95,1388.20,1375.90,1402.85,1404.15,1405.43,1424.95,622.15,5769001.00,8107912362.40,152736.00
01-Apr-24,Monday,April,Q2,2024,EQ,1356.80,1381.75,1350.25,1341.85,1378.00,1375.90,1370.36,1381.75,622.15,3251462.00,4455660558.65,92837.00
28-Mar-24,Thursday,March,Q1,2024,EQ,1334.00,1358.70,1314.00,1322.80,1342.95,1341.85,1336.99,1358.70,571.55,4188741.00,5600301611.75,134708.00
27-Mar-24,Wednesday,March,Q1,2024,EQ,1315.00,1343.00,1312.10,1304.20,1324.90,1322.80,1331.61,1356.55,571.55,4938400.00,6576043145.70,155518.00
26-Mar-24,Tuesday,March,Q1,2024,EQ,1281.60,1314.00,1281.00,1281.60,1305.00,1304.20,1302.19,1356.55,571.55,3610644.00,4701745079.85,122616.00
22-Mar-24,Friday,March,Q1,2024,EQ,1262.45,1289.10,1255.05,1262.45,1276.70,1281.60,1276.74,1356.55,571.55,3076926.00,3928436787.05,90748.00
21-Mar-24,Thursday,March,Q1,2024,EQ,1260.00,1268.70,1251.30,1245.40,1263.85,1262.45,1261.85,1356.55,571.55,3155563.00,3981839707.25,116819.00
20-Mar-24,Wednesday,March,Q1,2024,EQ,1248.00,1252.95,1230.20,1241.20,1243.25,1245.40,1243.29,1356.55,571.55,2772098.00,3446520539.65,109583.00
19-Mar-24,Tuesday,March,Q1,2024,EQ,1271.05,1272.85,1237.25,1266.60,1241.70,1241.20,1251.72,1356.55,571.55,2311324.00,2893121478.10,85705.00
18-Mar-24,Monday,March,Q1,2024,EQ,1250.00,1270.05,1227.25,1283.00,1265.45,1266.60,1251.32,1356.55,571.55,4858444.00,6079467325.85,144797.00
15-Mar-24,Friday,March,Q1,2024,EQ,1273.80,1288.85,1256.65,1267.85,1283.95,1283.00,1275.73,1356.55,571.55,4024586.00,5134302544.30,115530.00
14-Mar-24,Thursday,March,Q1,2024,EQ,1210.00,1276.00,1195.70,1209.55,1268.00,1267.85,1252.26,1356.55,571.55,7195603.00,9010757059.45,252058.00
13-Mar-24,Wednesday,March,Q1,2024,EQ,1307.00,1308.00,1188.10,1301.30,1217.05,1209.55,1231.08,1356.55,571.55,8670336.00,10673887656.45,293958.00
12-Mar-24,Tuesday,March,Q1,2024,EQ,1335.00,1346.95,1293.45,1326.95,1298.80,1301.30,1321.23,1356.55,571.55,3139768.00,4148358308.30,121158.00
11-Mar-24,Monday,March,Q1,2024,EQ,1331.00,1342.35,1322.05,1325.45,1326.45,1326.95,1332.35,1356.55,571.55,2217673.00,2954720776.90,74486.00
07-Mar-24,Thursday,March,Q1,2024,EQ,1329.80,1335.35,1315.00,1324.80,1329.55,1325.45,1325.83,1356.55,571.55,1640786.00,2175402991.20,68678.00
06-Mar-24,Wednesday,March,Q1,2024,EQ,1342.70,1344.60,1304.00,1338.30,1325.90,1324.80,1321.36,1356.55,571.55,2758443.00,3644908759.05,95619.00
05-Mar-24,Tuesday,March,Q1,2024,EQ,1344.05,1354.95,1334.00,1342.60,1341.35,1338.30,1343.04,1356.55,571.55,1815438.00,2438198156.85,84855.00
04-Mar-24,Monday,March,Q1,2024,EQ,1345.25,1356.55,1336.40,1338.30,1342.00,1342.60,1346.15,1356.55,571.55,2170214.00,2921437587.95,72124.00
02-Mar-24,Saturday,March,Q1,2024,EQ,1326.90,1346.90,1325.00,1322.10,1336.15,1338.30,1337.34,1349.00,551.95,386697.00,517146854.60,14243.00
01-Mar-24,Friday,March,Q1,2024,EQ,1335.00,1349.00,1312.40,1320.50,1324.70,1322.10,1327.28,1349.00,551.95,3301090.00,4381461597.80,83641.00
29-Feb-24,Thursday,February,Q1,2024,EQ,1300.00,1329.90,1293.05,1299.50,1328.00,1320.50,1313.10,1343.00,551.95,2672239.00,3508923643.30,94344.00
28-Feb-24,Wednesday,February,Q1,2024,EQ,1334.50,1334.90,1295.15,1329.45,1296.00,1299.50,1311.70,1343.00,551.95,2121625.00,2782926736.15,90788.00
27-Feb-24,Tuesday,February,Q1,2024,EQ,1336.85,1339.20,1314.25,1338.15,1332.45,1329.45,1327.63,1343.00,551.95,2197456.00,2917417550.15,59525.00
26-Feb-24,Monday,February,Q1,2024,EQ,1320.00,1343.00,1316.75,1320.70,1335.00,1338.15,1333.93,1343.00,551.95,2802425.00,3738239344.70,104817.00
23-Feb-24,Friday,February,Q1,2024,EQ,1312.05,1332.00,1298.00,1310.95,1320.70,1320.70,1318.21,1332.00,533.65,2924829.00,3855526065.60,87260.00
22-Feb-24,Thursday,February,Q1,2024,EQ,1296.00,1317.00,1281.00,1291.00,1310.10,1310.95,1296.45,1327.00,533.65,2556009.00,3313744829.45,110801.00
21-Feb-24,Wednesday,February,Q1,2024,EQ,1304.80,1315.00,1281.45,1300.50,1290.00,1291.00,1301.16,1327.00,533.65,2770510.00,3604863684.45,83664.00
20-Feb-24,Tuesday,February,Q1,2024,EQ,1311.00,1312.90,1293.70,1307.00,1302.80,1300.50,1303.28,1327.00,533.65,1856718.00,2419825350.60,60202.00
19-Feb-24,Monday,February,Q1,2024,EQ,1313.40,1327.00,1302.15,1306.85,1311.00,1307.00,1314.36,1327.00,533.65,2700240.00,3549092442.65,74031.00
16-Feb-24,Friday,February,Q1,2024,EQ,1269.80,1311.00,1265.55,1267.05,1310.10,1306.85,1293.70,1311.00,533.65,5476230.00,7084591726.70,145190.00
15-Feb-24,Thursday,February,Q1,2024,EQ,1275.00,1277.55,1262.10,1267.85,1266.20,1267.05,1268.77,1291.25,533.65,3382824.00,4292037693.90,105127.00
14-Feb-24,Wednesday,February,Q1,2024,EQ,1261.95,1281.55,1248.65,1264.80,1268.00,1267.85,1268.31,1291.25,533.65,3382943.00,4290628559.15,97164.00
13-Feb-24,Tuesday,February,Q1,2024,EQ,1249.95,1271.00,1226.65,1249.35,1270.95,1264.80,1250.88,1291.25,533.65,2245009.00,2808231574.05,73236.00
12-Feb-24,Monday,February,Q1,2024,EQ,1278.00,1279.75,1243.90,1271.50,1249.85,1249.35,1260.39,1291.25,533.65,2204823.00,2778929991.85,85899.00
09-Feb-24,Friday,February,Q1,2024,EQ,1252.60,1275.50,1232.10,1245.20,1272.40,1271.50,1257.33,1291.25,476.70,3538164.00,4448622470.75,100476.00
08-Feb-24,Thursday,February,Q1,2024,EQ,1264.05,1264.50,1236.75,1255.65,1247.80,1245.20,1250.42,1291.25,476.70,3354609.00,4194675869.65,143707.00
07-Feb-24,Wednesday,February,Q1,2024,EQ,1280.00,1286.35,1252.15,1273.10,1256.25,1255.65,1267.25,1291.25,476.70,3359763.00,4257651048.10,96611.00
06-Feb-24,Tuesday,February,Q1,2024,EQ,1266.00,1284.60,1248.85,1258.55,1274.00,1273.10,1270.91,1291.25,476.70,4408002.00,5602173026.50,135542.00
05-Feb-24,Monday,February,Q1,2024,EQ,1269.50,1291.25,1248.85,1261.45,1262.00,1258.55,1271.71,1291.25,476.70,5611298.00,7135917796.10,185622.00
02-Feb-24,Friday,February,Q1,2024,EQ,1233.05,1287.50,1231.70,1218.85,1262.50,1261.45,1269.53,1287.50,395.10,10450227.00,13266896482.40,269789.00
01-Feb-24,Thursday,February,Q1,2024,EQ,1213.60,1239.50,1200.30,1207.65,1220.75,1218.85,1220.91,1239.50,395.10,7433628.00,9075785518.30,274275.00
31-Jan-24,Wednesday,January,Q1,2024,EQ,1195.80,1214.25,1191.65,1187.35,1206.00,1207.65,1205.24,1229.90,395.10,5510242.00,6641141121.85,149969.00
30-Jan-24,Tuesday,January,Q1,2024,EQ,1200.00,1217.20,1181.00,1196.65,1190.00,1187.35,1201.21,1229.90,395.10,4683729.00,5626128139.65,205145.00
29-Jan-24,Monday,January,Q1,2024,EQ,1155.00,1204.90,1151.00,1146.30,1194.40,1196.65,1187.60,1229.90,395.10,6768033.00,8037699306.80,210651.00
25-Jan-24,Thursday,January,Q1,2024,EQ,1122.15,1155.75,1111.60,1120.60,1151.00,1146.30,1131.49,1229.90,395.10,4305042.00,4871115814.05,121929.00
24-Jan-24,Wednesday,January,Q1,2024,EQ,1138.00,1146.75,1118.35,1137.10,1123.25,1120.60,1123.24,1229.90,395.10,18373913.00,20638234493.70,327148.00
23-Jan-24,Tuesday,January,Q1,2024,EQ,1199.15,1207.20,1130.25,1193.00,1142.00,1137.10,1171.83,1229.90,395.10,7201014.00,8438380301.65,157053.00
20-Jan-24,Saturday,January,Q1,2024,EQ,1158.90,1198.75,1150.00,1152.45,1190.90,1193.00,1177.57,1229.90,395.10,2521107.00,2968792425.95,74669.00
19-Jan-24,Friday,January,Q1,2024,EQ,1162.25,1166.80,1150.00,1154.05,1153.00,1152.45,1156.65,1229.90,395.10,2732559.00,3160614748.45,125289.00
18-Jan-24,Thursday,January,Q1,2024,EQ,1171.05,1184.30,1143.45,1166.85,1155.00,1154.05,1159.02,1229.90,395.10,5918594.00,6859750083.00,146812.00
17-Jan-24,Wednesday,January,Q1,2024,EQ,1180.00,1204.70,1159.45,1193.35,1169.90,1166.85,1180.10,1229.90,395.10,5268593.00,6217446859.35,125671.00
16-Jan-24,Tuesday,January,Q1,2024,EQ,1203.60,1212.00,1186.80,1203.10,1194.50,1193.35,1198.10,1229.90,395.10,3173587.00,3802282142.75,111688.00
15-Jan-24,Monday,January,Q1,2024,EQ,1214.00,1215.35,1189.10,1207.10,1203.60,1203.10,1203.36,1229.90,395.10,2825654.00,3400266862.85,97303.00
12-Jan-24,Friday,January,Q1,2024,EQ,1210.40,1218.75,1201.05,1202.95,1207.00,1207.10,1209.70,1229.90,395.10,3912779.00,4733292436.50,116213.00
11-Jan-24,Thursday,January,Q1,2024,EQ,1221.00,1223.60,1200.00,1214.35,1204.00,1202.95,1209.03,1229.90,395.10,3721202.00,4499038845.70,142091.00
10-Jan-24,Wednesday,January,Q1,2024,EQ,1220.00,1220.00,1197.00,1197.10,1215.20,1214.35,1209.01,1229.90,395.10,7036728.00,8507505783.00,142375.00
09-Jan-24,Tuesday,January,Q1,2024,EQ,1182.00,1229.90,1178.50,1168.85,1200.95,1197.10,1205.17,1229.90,395.10,14701104.00,17717272726.45,333249.00
08-Jan-24,Monday,January,Q1,2024,EQ,1160.00,1182.00,1152.00,1154.25,1172.40,1168.85,1169.58,1182.00,395.10,8760094.00,10245600240.30,190134.00
05-Jan-24,Friday,January,Q1,2024,EQ,1129.10,1160.00,1125.40,1123.20,1153.00,1154.25,1146.58,1160.00,395.10,10622789.00,12179824453.45,218484.00
04-Jan-24,Thursday,January,Q1,2024,EQ,1117.00,1131.00,1103.55,1094.25,1122.00,1123.20,1116.97,1144.00,395.10,9771995.00,10915025415.55,230197.00
03-Jan-24,Wednesday,January,Q1,2024,EQ,1105.00,1144.00,1062.75,1078.40,1095.40,1094.25,1106.85,1144.00,395.10,33060778.00,36593478297.45,658513.00
02-Jan-24,Tuesday,January,Q1,2024,EQ,1047.85,1082.90,1031.10,1047.85,1079.00,1078.40,1062.31,1102.40,395.10,6344621.00,6739935310.35,163681.00
01-Jan-24,Monday,January,Q1,2024,EQ,1026.55,1057.95,1023.00,1024.35,1041.10,1047.85,1046.35,1102.40,395.10,3989711.00,4174643148.75,100539.00
29-Dec-23,Friday,December,Q4,2023,EQ,1021.80,1034.90,1017.60,1016.95,1023.00,1024.35,1026.41,1102.40,395.10,2429250.00,2493397287.15,65509.00
28-Dec-23,Thursday,December,Q4,2023,EQ,1029.55,1031.20,1014.65,1024.40,1019.95,1016.95,1019.24,1102.40,395.10,4865603.00,4959202945.20,95099.00
27-Dec-23,Wednesday,December,Q4,2023,EQ,1037.00,1037.05,1018.00,1028.75,1025.50,1024.40,1026.87,1102.40,395.10,2803997.00,2879339103.05,121999.00
26-Dec-23,Tuesday,December,Q4,2023,EQ,1034.10,1041.00,1026.10,1027.50,1027.00,1028.75,1031.97,1102.40,395.10,2176775.00,2246371709.90,88584.00
22-Dec-23,Friday,December,Q4,2023,EQ,1034.00,1050.95,1019.00,1018.95,1028.00,1027.50,1033.87,1102.40,395.10,5252106.00,5429979268.30,127018.00
21-Dec-23,Thursday,December,Q4,2023,EQ,996.15,1028.00,989.25,1012.15,1025.45,1018.95,1016.45,1102.40,395.10,5352057.00,5440073860.60,171620.00
20-Dec-23,Wednesday,December,Q4,2023,EQ,1078.00,1083.85,1005.00,1074.00,1007.00,1012.15,1049.86,1102.40,395.10,8467564.00,8889783034.35,182290.00
19-Dec-23,Tuesday,December,Q4,2023,EQ,1095.00,1099.00,1068.60,1094.30,1075.00,1074.00,1080.85,1102.40,395.10,5993252.00,6477813788.20,132457.00
18-Dec-23,Monday,December,Q4,2023,EQ,1079.00,1102.40,1072.75,1078.55,1090.00,1094.30,1090.52,1102.40,395.10,5448342.00,5941524074.50,114853.00
15-Dec-23,Friday,December,Q4,2023,EQ,1079.00,1086.50,1067.05,1074.70,1078.00,1078.55,1078.18,1089.90,395.10,11672787.00,12585331077.30,166848.00
14-Dec-23,Thursday,December,Q4,2023,EQ,1080.00,1089.90,1063.00,1063.50,1073.00,1074.70,1072.87,1089.90,395.10,8004131.00,8587361365.30,185156.00
13-Dec-23,Wednesday,December,Q4,2023,EQ,1045.00,1075.00,1028.80,1041.95,1074.00,1063.50,1047.81,1082.50,395.10,8151639.00,8541389122.65,173343.00
12-Dec-23,Tuesday,December,Q4,2023,EQ,1037.05,1048.45,1023.25,1031.90,1039.55,1041.95,1038.57,1082.50,395.10,4902289.00,5091382444.55,124557.00
11-Dec-23,Monday,December,Q4,2023,EQ,1026.80,1048.00,1015.65,1022.95,1033.40,1031.90,1032.23,1082.50,395.10,7889666.00,8143986966.05,179709.00
